<keymap version="1" name="GNOME copy" parent="Default for GNOME">
  <action id="Arrangement.Rule.Match.Condition.Move.Down" />
  <action id="Arrangement.Rule.Match.Condition.Move.Up" />
  <action id="CodeGlance.toggle" />
  <action id="EditorSelectWord">
    <keyboard-shortcut first-keystroke="ctrl w" />
    <keyboard-shortcut first-keystroke="alt up" />
  </action>
  <action id="EditorUnSelectWord">
    <keyboard-shortcut first-keystroke="shift ctrl w" />
    <keyboard-shortcut first-keystroke="alt down" />
  </action>
  <action id="GotoLine" />
  <action id="IntroduceFunctionalParameter" />
  <action id="Javascript.Linters.EsLint.Fix">
    <keyboard-shortcut first-keystroke="shift ctrl alt p" />
  </action>
  <action id="MethodDown" />
  <action id="MethodUp" />
  <action id="SelectNextOccurrence">
    <keyboard-shortcut first-keystroke="alt j" />
    <keyboard-shortcut first-keystroke="ctrl g" />
  </action>
  <action id="ShowContent" />
  <action id="ShowSearchHistory" />
  <action id="UnselectPreviousOccurrence">
    <keyboard-shortcut first-keystroke="shift alt j" />
    <keyboard-shortcut first-keystroke="shift ctrl g" />
  </action>
</keymap>